<?xml version="1.0" encoding="UTF-8"?>
<con:soapui-project id="a31e017c-1d31-4d8b-94ba-2e7630586af1" activeEnvironment="Default" name="WS_HiCoSa" resourceRoot="" soapui-version="5.7.0" xmlns:con="http://eviware.com/soapui/config"><con:settings/><con:interface xsi:type="con:WsdlInterface" id="4096bbc9-24c3-4502-8118-1f09be6890d2" wsaVersion="NONE" name="WSHiCoSaPortBinding" type="wsdl" bindingName="{http://controllers.HCS.edu.ec/}WSHiCoSaPortBinding" soapVersion="1_1" anonymous="optional" definition="http://localhost:8081/WSHiCoSa?wsdl" xmlns:xsi="http://www.w3.org/2001/XMLSchema-instance"><con:settings/><con:definitionCache type="TEXT" rootPart="http://localhost:8081/WSHiCoSa?wsdl"><con:part><con:url>http://localhost:8081/WSHiCoSa?wsdl</con:url><con:content><![CDATA[<!--Published by JAX-WS RI (https://github.com/eclipse-ee4j/metro-jax-ws). RI's version is JAX-WS RI 2.3.5 git-revision#7ddc91f.-->
<!--Generated by JAX-WS RI (https://github.com/eclipse-ee4j/metro-jax-ws). RI's version is JAX-WS RI 2.3.5 git-revision#7ddc91f.-->
<definitions targetNamespace="http://controllers.HCS.edu.ec/" name="WSHiCoSa" xmlns:wsu="http://docs.oasis-open.org/wss/2004/01/oasis-200401-wss-wssecurity-utility-1.0.xsd" xmlns:wsp="http://www.w3.org/ns/ws-policy" xmlns:wsp1_2="http://schemas.xmlsoap.org/ws/2004/09/policy" xmlns:wsam="http://www.w3.org/2007/05/addressing/metadata" xmlns:soap="http://schemas.xmlsoap.org/wsdl/soap/" xmlns:tns="http://controllers.HCS.edu.ec/" xmlns:xsd="http://www.w3.org/2001/XMLSchema" xmlns="http://schemas.xmlsoap.org/wsdl/">
  <types>
    <xsd:schema>
      <xsd:import namespace="http://controllers.HCS.edu.ec/" schemaLocation="http://localhost:8081/WSHiCoSa?xsd=1"/>
    </xsd:schema>
  </types>
  <message name="readMovimientos">
    <part name="parameters" element="tns:readMovimientos"/>
  </message>
  <message name="readMovimientosResponse">
    <part name="parameters" element="tns:readMovimientosResponse"/>
  </message>
  <message name="saveDeposito">
    <part name="parameters" element="tns:saveDeposito"/>
  </message>
  <message name="saveDepositoResponse">
    <part name="parameters" element="tns:saveDepositoResponse"/>
  </message>
  <portType name="WSHiCoSa">
    <operation name="readMovimientos">
      <input wsam:Action="http://controllers.HCS.edu.ec/WSHiCoSa/readMovimientosRequest" message="tns:readMovimientos"/>
      <output wsam:Action="http://controllers.HCS.edu.ec/WSHiCoSa/readMovimientosResponse" message="tns:readMovimientosResponse"/>
    </operation>
    <operation name="saveDeposito">
      <input wsam:Action="http://controllers.HCS.edu.ec/WSHiCoSa/saveDepositoRequest" message="tns:saveDeposito"/>
      <output wsam:Action="http://controllers.HCS.edu.ec/WSHiCoSa/saveDepositoResponse" message="tns:saveDepositoResponse"/>
    </operation>
  </portType>
  <binding name="WSHiCoSaPortBinding" type="tns:WSHiCoSa">
    <soap:binding transport="http://schemas.xmlsoap.org/soap/http" style="document"/>
    <operation name="readMovimientos">
      <soap:operation soapAction=""/>
      <input>
        <soap:body use="literal"/>
      </input>
      <output>
        <soap:body use="literal"/>
      </output>
    </operation>
    <operation name="saveDeposito">
      <soap:operation soapAction=""/>
      <input>
        <soap:body use="literal"/>
      </input>
      <output>
        <soap:body use="literal"/>
      </output>
    </operation>
  </binding>
  <service name="WSHiCoSa">
    <port name="WSHiCoSaPort" binding="tns:WSHiCoSaPortBinding">
      <soap:address location="http://localhost:8081/WSHiCoSa"/>
    </port>
  </service>
</definitions>]]></con:content><con:type>http://schemas.xmlsoap.org/wsdl/</con:type></con:part><con:part><con:url>http://localhost:8081/WSHiCoSa?xsd=1</con:url><con:content><![CDATA[<!--Published by JAX-WS RI (https://github.com/eclipse-ee4j/metro-jax-ws). RI's version is JAX-WS RI 2.3.5 git-revision#7ddc91f.-->
<xs:schema version="1.0" targetNamespace="http://controllers.HCS.edu.ec/" xmlns:tns="http://controllers.HCS.edu.ec/" xmlns:xs="http://www.w3.org/2001/XMLSchema">
  <xs:element name="movimiento" type="tns:movimiento"/>
  <xs:element name="readMovimientos" type="tns:readMovimientos"/>
  <xs:element name="readMovimientosResponse" type="tns:readMovimientosResponse"/>
  <xs:element name="saveDeposito" type="tns:saveDeposito"/>
  <xs:element name="saveDepositoResponse" type="tns:saveDepositoResponse"/>
  <xs:complexType name="readMovimientos">
    <xs:sequence>
      <xs:element name="account" type="xs:string" minOccurs="0"/>
    </xs:sequence>
  </xs:complexType>
  <xs:complexType name="readMovimientosResponse">
    <xs:sequence>
      <xs:element name="movimientos-list" type="tns:movimiento" minOccurs="0" maxOccurs="unbounded"/>
    </xs:sequence>
  </xs:complexType>
  <xs:complexType name="movimiento">
    <xs:sequence>
      <xs:element name="accion" type="xs:string" minOccurs="0"/>
      <xs:element name="cuenta" type="xs:string" minOccurs="0"/>
      <xs:element name="fecha" type="xs:dateTime" minOccurs="0"/>
      <xs:element name="importe" type="xs:double"/>
      <xs:element name="nromov" type="xs:int"/>
      <xs:element name="tipo" type="xs:string" minOccurs="0"/>
    </xs:sequence>
  </xs:complexType>
  <xs:complexType name="saveDeposito">
    <xs:sequence>
      <xs:element name="account" type="xs:string" minOccurs="0"/>
      <xs:element name="amount" type="xs:double"/>
    </xs:sequence>
  </xs:complexType>
  <xs:complexType name="saveDepositoResponse">
    <xs:sequence>
      <xs:element name="status" type="xs:int"/>
    </xs:sequence>
  </xs:complexType>
</xs:schema>]]></con:content><con:type>http://www.w3.org/2001/XMLSchema</con:type></con:part></con:definitionCache><con:endpoints><con:endpoint>http://localhost:8081/WSHiCoSa</con:endpoint></con:endpoints><con:operation id="42865389-2998-4a8a-8898-f5787cb1553e" isOneWay="false" action="" name="readMovimientos" bindingOperationName="readMovimientos" type="Request-Response" inputName="" receivesAttachments="false" sendsAttachments="false" anonymous="optional"><con:settings/><con:call id="d7896912-a4bd-4776-89a7-262df5c800b3" name="Request 1"><con:settings><con:setting id="com.eviware.soapui.impl.wsdl.WsdlRequest@request-headers">&lt;xml-fragment/></con:setting></con:settings><con:encoding>UTF-8</con:encoding><con:endpoint>http://localhost:8081/WSHiCoSa</con:endpoint><con:request><![CDATA[<soapenv:Envelope xmlns:soapenv="http://schemas.xmlsoap.org/soap/envelope/" xmlns:con="http://controllers.HCS.edu.ec/">\r
   <soapenv:Header/>\r
   <soapenv:Body>\r
      <con:readMovimientos>\r
         <!--Optional:-->\r
         <account>00100001</account>\r
      </con:readMovimientos>\r
   </soapenv:Body>\r
</soapenv:Envelope>]]></con:request><con:credentials><con:authType>No Authorization</con:authType></con:credentials><con:jmsConfig JMSDeliveryMode="PERSISTENT"/><con:jmsPropertyConfig/><con:wsaConfig mustUnderstand="NONE" version="200508" action="http://controllers.HCS.edu.ec/WSHiCoSa/readMovimientosRequest"/><con:wsrmConfig version="1.2"/></con:call></con:operation><con:operation id="2a726fdf-1f70-471d-8986-ff76949edb91" isOneWay="false" action="" name="saveDeposito" bindingOperationName="saveDeposito" type="Request-Response" inputName="" receivesAttachments="false" sendsAttachments="false" anonymous="optional"><con:settings/><con:call id="481249cf-13a1-4a58-b4f5-bb12878d3283" name="Request 1"><con:settings><con:setting id="com.eviware.soapui.impl.wsdl.WsdlRequest@request-headers">&lt;xml-fragment/></con:setting></con:settings><con:encoding>UTF-8</con:encoding><con:endpoint>http://localhost:8081/WSHiCoSa</con:endpoint><con:request><![CDATA[<soapenv:Envelope xmlns:soapenv="http://schemas.xmlsoap.org/soap/envelope/" xmlns:con="http://controllers.HCS.edu.ec/">\r
   <soapenv:Header/>\r
   <soapenv:Body>\r
      <con:saveDeposito>\r
         <account>00100001</account>\r
         <amount>921</amount>\r
      </con:saveDeposito>\r
   </soapenv:Body>\r
</soapenv:Envelope>]]></con:request><con:credentials><con:authType>No Authorization</con:authType></con:credentials><con:jmsConfig JMSDeliveryMode="PERSISTENT"/><con:jmsPropertyConfig/><con:wsaConfig mustUnderstand="NONE" version="200508" action="http://controllers.HCS.edu.ec/WSHiCoSa/saveDepositoRequest"/><con:wsrmConfig version="1.2"/></con:call></con:operation></con:interface><con:properties/><con:wssContainer/><con:oAuth2ProfileContainer/><con:oAuth1ProfileContainer/></con:soapui-project>