<?xml version="1.0" encoding="UTF-8"?>
<project-private xmlns="http://www.netbeans.org/ns/project-private/1">
    <editor-bookmarks xmlns="http://www.netbeans.org/ns/editor-bookmarks/2" lastBookmarkId="0"/>
    <open-files xmlns="http://www.netbeans.org/ns/projectui-open-files/2">
        <group>
            <file>file:/D:/Code-UDLA/Talleres-Integracion-HCS/SOAP_Java_BDD_Hiriart-Corales-Samaniego/02.CLIENT/WS_SOAP_BDD_Clnt_Hiriart-Corales-Samaniego/src/ec/edu/HCS/tests/MovimientosTest.java</file>
            <file>file:/D:/Code-UDLA/Talleres-Integracion-HCS/SOAP_Java_BDD_Hiriart-Corales-Samaniego/02.CLIENT/WS_SOAP_BDD_Clnt_Hiriart-Corales-Samaniego/src/ec/edu/HCS/WSClients/HCSServiceClient.java</file>
            <file>file:/D:/Code-UDLA/Talleres-Integracion-HCS/SOAP_Java_BDD_Hiriart-Corales-Samaniego/02.CLIENT/WS_SOAP_BDD_Clnt_Hiriart-Corales-Samaniego/src/ec/edu/HCS/controllers/FieldsValidation.java</file>
            <file>file:/D:/Code-UDLA/Talleres-Integracion-HCS/SOAP_Java_BDD_Hiriart-Corales-Samaniego/02.CLIENT/WS_SOAP_BDD_Clnt_Hiriart-Corales-Samaniego/src/ec/edu/HCS/controllers/HCSServiceController.java</file>
            <file>file:/D:/Code-UDLA/Talleres-Integracion-HCS/SOAP_Java_BDD_Hiriart-Corales-Samaniego/02.CLIENT/WS_SOAP_BDD_Clnt_Hiriart-Corales-Samaniego/src/ec/edu/HCS/views/MovimientosView.java</file>
            <file>file:/D:/Code-UDLA/Talleres-Integracion-HCS/SOAP_Java_BDD_Hiriart-Corales-Samaniego/02.CLIENT/WS_SOAP_BDD_Clnt_Hiriart-Corales-Samaniego/src/ec/edu/HCS/views/DepositView.java</file>
            <file>file:/D:/Code-UDLA/Talleres-Integracion-HCS/SOAP_Java_BDD_Hiriart-Corales-Samaniego/02.CLIENT/WS_SOAP_BDD_Clnt_Hiriart-Corales-Samaniego/src/ec/edu/HCS/tests/DepositoTest.java</file>
            <file>file:/D:/Code-UDLA/Talleres-Integracion-HCS/SOAP_Java_BDD_Hiriart-Corales-Samaniego/02.CLIENT/WS_SOAP_BDD_Clnt_Hiriart-Corales-Samaniego/src/ec/edu/HCS/views/MainMenuView.java</file>
        </group>
    </open-files>
</project-private>
